symbol	definition_file	reference_file	reference_line	reference_kind
nskk--activation-lock-owner	nskk.el	nskk-tutorial.el	445	read
nskk--active-buffers	nskk.el	nskk-tutorial.el	1050	read
nskk--annotation-initialized	nskk-annotation.el	nskk-tutorial.el	652	read
nskk--annotation-load-from-candidates	nskk-annotation.el	nskk-dictionary.el	73	read
nskk--annotation-load-from-candidates	nskk-annotation.el	nskk-dictionary.el	782	read
nskk--annotation-load-from-candidates	nskk-annotation.el	nskk-dictionary.el	785	read
nskk--azik-colon-okuri-deferred	nskk-keymap.el	nskk-henkan.el	286	read
nskk--azik-colon-okuri-deferred	nskk-keymap.el	nskk-henkan.el	658	read
nskk--azik-colon-okuri-deferred	nskk-keymap.el	nskk-henkan.el	1307	read
nskk--azik-colon-okuri-deferred	nskk-keymap.el	nskk-input.el	207	read
nskk--azik-colon-okuri-deferred	nskk-keymap.el	nskk-input.el	555	read
nskk--azik-colon-okuri-deferred	nskk-keymap.el	nskk-input.el	805	read
nskk--azik-colon-okuri-deferred	nskk-keymap.el	nskk-input.el	1054	read
nskk--azik-colon-okuri-pending	nskk-keymap.el	nskk-henkan.el	285	read
nskk--azik-colon-okuri-pending	nskk-keymap.el	nskk-henkan.el	657	read
nskk--azik-colon-okuri-pending	nskk-keymap.el	nskk-henkan.el	1306	read
nskk--azik-colon-okuri-pending	nskk-keymap.el	nskk-input.el	204	read
nskk--azik-colon-okuri-pending	nskk-keymap.el	nskk-input.el	550	read
nskk--azik-colon-okuri-pending	nskk-keymap.el	nskk-input.el	566	read
nskk--azik-colon-okuri-pending	nskk-keymap.el	nskk-input.el	625	read
nskk--azik-colon-okuri-pending	nskk-keymap.el	nskk-input.el	1053	read
nskk--azik-sokuon-okuri-kana-pending	nskk-input.el	nskk-henkan.el	287	read
nskk--azik-sokuon-okuri-kana-pending	nskk-input.el	nskk-henkan.el	659	read
nskk--azik-sokuon-okuri-kana-pending	nskk-input.el	nskk-henkan.el	1308	read
nskk--azik-vowel-shadow-set	nskk-input.el	nskk-azik.el	255	read
nskk--azik-vowel-shadow-set	nskk-input.el	nskk-azik.el	259	read
nskk--azik-vowel-shadow-set	nskk-input.el	nskk-azik.el	296	read
nskk--azik-vowel-shadow-set	nskk-input.el	nskk-azik.el	310	read
nskk--candidate-key-facts-initialized	nskk-candidate-window.el	nskk-tutorial.el	651	read
nskk--candidate-overlay	nskk-state.el	nskk-candidate-window.el	86	read
nskk--candidate-overlay	nskk-state.el	nskk-candidate-window.el	158	read
nskk--candidate-overlay	nskk-state.el	nskk-candidate-window.el	171	read
nskk--candidate-overlay	nskk-state.el	nskk-henkan.el	356	read
nskk--classify-state	nskk-keymap.el	nskk-input.el	121	read
nskk--classify-state	nskk-keymap.el	nskk-input.el	280	read
nskk--clear-azik-pending-state	nskk-henkan.el	nskk-keymap.el	135	read
nskk--clear-azik-pending-state	nskk-henkan.el	nskk-keymap.el	601	read
nskk--clear-conversion-context	nskk-henkan.el	nskk-input.el	117	read
nskk--clear-conversion-context	nskk-henkan.el	nskk-input.el	298	read
nskk--clear-conversion-context	nskk-henkan.el	nskk.el	127	read
nskk--clear-conversion-context	nskk-henkan.el	nskk.el	360	mutation
nskk--clear-pending-romaji	nskk-henkan.el	nskk-input.el	120	read
nskk--clear-pending-romaji	nskk-henkan.el	nskk-input.el	333	read
nskk--clear-pending-romaji	nskk-henkan.el	nskk-input.el	517	read
nskk--clear-pending-romaji	nskk-henkan.el	nskk-keymap.el	137	read
nskk--clear-pending-romaji	nskk-henkan.el	nskk-keymap.el	662	read
nskk--clear-pending-romaji	nskk-henkan.el	nskk.el	109	read
nskk--clear-pending-romaji	nskk-henkan.el	nskk.el	615	read
nskk--commit-by-phase	nskk-keymap.el	nskk.el	132	read
nskk--compute-phase	nskk-keymap.el	nskk-henkan.el	151	read
nskk--compute-phase	nskk-keymap.el	nskk-henkan.el	1692	read
nskk--conversion-overlay	nskk-state.el	nskk-candidate-window.el	85	read
nskk--conversion-overlay	nskk-state.el	nskk-candidate-window.el	141	read
nskk--conversion-overlay	nskk-state.el	nskk-candidate-window.el	142	read
nskk--conversion-overlay	nskk-state.el	nskk-henkan.el	252	mutation
nskk--conversion-overlay	nskk-state.el	nskk-henkan.el	265	reflection
nskk--conversion-overlay	nskk-state.el	nskk-henkan.el	267	read
nskk--conversion-overlay	nskk-state.el	nskk-henkan.el	268	mutation
nskk--conversion-overlay	nskk-state.el	nskk-henkan.el	354	let-binding
nskk--conversion-overlay	nskk-state.el	nskk-henkan.el	558	read
nskk--conversion-overlay	nskk-state.el	nskk-henkan.el	679	read
nskk--conversion-overlay	nskk-state.el	nskk-henkan.el	717	read
nskk--conversion-overlay	nskk-state.el	nskk-henkan.el	846	read
nskk--conversion-overlay	nskk-state.el	nskk-henkan.el	878	read
nskk--conversion-overlay	nskk-state.el	nskk-henkan.el	923	read
nskk--conversion-overlay	nskk-state.el	nskk-henkan.el	947	read
nskk--conversion-overlay	nskk-state.el	nskk-henkan.el	948	read
nskk--conversion-overlay	nskk-state.el	nskk-henkan.el	949	read
nskk--conversion-overlay	nskk-state.el	nskk-henkan.el	950	read
nskk--conversion-overlay	nskk-state.el	nskk-henkan.el	998	read
nskk--conversion-overlay	nskk-state.el	nskk-henkan.el	1040	read
nskk--conversion-overlay	nskk-state.el	nskk-henkan.el	1108	read
nskk--conversion-overlay	nskk-state.el	nskk-henkan.el	1109	read
nskk--conversion-overlay	nskk-state.el	nskk-henkan.el	1129	read
nskk--conversion-overlay	nskk-state.el	nskk-henkan.el	1230	read
nskk--conversion-overlay	nskk-state.el	nskk-henkan.el	1231	read
nskk--conversion-overlay	nskk-state.el	nskk-henkan.el	1232	read
nskk--conversion-overlay	nskk-state.el	nskk-henkan.el	1292	read
nskk--conversion-overlay	nskk-state.el	nskk-henkan.el	1294	read
nskk--conversion-overlay	nskk-state.el	nskk-henkan.el	1295	read
nskk--conversion-overlay	nskk-state.el	nskk-henkan.el	1361	read
nskk--conversion-overlay	nskk-state.el	nskk-henkan.el	1362	read
nskk--conversion-overlay	nskk-state.el	nskk-henkan.el	1830	read
nskk--conversion-overlay	nskk-state.el	nskk-henkan.el	1837	read
nskk--conversion-overlay	nskk-state.el	nskk-henkan.el	1920	read
nskk--conversion-overlay	nskk-state.el	nskk-henkan.el	1921	read
nskk--conversion-overlay	nskk-state.el	nskk-inline.el	98	read
nskk--conversion-overlay	nskk-state.el	nskk-inline.el	99	read
nskk--conversion-overlay	nskk-state.el	nskk-input.el	126	read
nskk--conversion-overlay	nskk-state.el	nskk.el	573	read
nskk--conversion-overlay	nskk-state.el	nskk.el	574	read
nskk--conversion-overlay	nskk-state.el	nskk.el	575	read
nskk--conversion-start-active-p	nskk-henkan.el	nskk-input.el	106	read
nskk--conversion-start-active-p	nskk-henkan.el	nskk-input.el	184	read
nskk--conversion-start-active-p	nskk-henkan.el	nskk-input.el	357	read
nskk--conversion-start-active-p	nskk-henkan.el	nskk-input.el	362	read
nskk--conversion-start-active-p	nskk-henkan.el	nskk-input.el	530	read
nskk--conversion-start-active-p	nskk-henkan.el	nskk-input.el	628	let-binding
nskk--conversion-start-marker	nskk-state.el	nskk-henkan.el	277	read
nskk--conversion-start-marker	nskk-state.el	nskk-henkan.el	278	read
nskk--conversion-start-marker	nskk-state.el	nskk-henkan.el	357	read
nskk--conversion-start-marker	nskk-state.el	nskk-henkan.el	605	read
nskk--conversion-start-marker	nskk-state.el	nskk-henkan.el	606	read
nskk--conversion-start-marker	nskk-state.el	nskk-henkan.el	607	read
nskk--conversion-start-marker	nskk-state.el	nskk-henkan.el	629	read
nskk--conversion-start-marker	nskk-state.el	nskk-henkan.el	633	read
nskk--conversion-start-marker	nskk-state.el	nskk-henkan.el	634	read
nskk--conversion-start-marker	nskk-state.el	nskk-henkan.el	638	read
nskk--conversion-start-marker	nskk-state.el	nskk-henkan.el	639	read
nskk--conversion-start-marker	nskk-state.el	nskk-henkan.el	686	read
nskk--conversion-start-marker	nskk-state.el	nskk-henkan.el	687	read
nskk--conversion-start-marker	nskk-state.el	nskk-henkan.el	733	read
nskk--conversion-start-marker	nskk-state.el	nskk-henkan.el	734	read
nskk--conversion-start-marker	nskk-state.el	nskk-henkan.el	838	read
nskk--conversion-start-marker	nskk-state.el	nskk-henkan.el	877	let-binding
nskk--conversion-start-marker	nskk-state.el	nskk-henkan.el	919	read
nskk--conversion-start-marker	nskk-state.el	nskk-henkan.el	938	read
nskk--conversion-start-marker	nskk-state.el	nskk-henkan.el	939	read
nskk--conversion-start-marker	nskk-state.el	nskk-henkan.el	940	let-binding
nskk--conversion-start-marker	nskk-state.el	nskk-henkan.el	941	read
nskk--conversion-start-marker	nskk-state.el	nskk-henkan.el	1300	read
nskk--conversion-start-marker	nskk-state.el	nskk-henkan.el	1301	read
nskk--conversion-start-marker	nskk-state.el	nskk-input.el	125	read
nskk--converter-initialized	nskk-converter.el	nskk-tutorial.el	650	read
nskk--converter-style-transaction-hash-tables	nskk-converter.el	nskk-azik.el	258	read
nskk--current-kakutei-state	nskk-keymap.el	nskk.el	110	read
nskk--current-kakutei-state	nskk-keymap.el	nskk.el	609	read
nskk--cursor-color-restore	nskk-modeline.el	nskk.el	361	read
nskk--cursor-color-restore	nskk-modeline.el	nskk.el	488	read
nskk--cursor-color-save	nskk-modeline.el	nskk.el	478	reflection
nskk--dcomp-multiple-overlay	nskk-state.el	nskk-henkan.el	158	read
nskk--dcomp-multiple-overlay	nskk-state.el	nskk-henkan.el	698	read
nskk--dcomp-multiple-overlay	nskk-state.el	nskk-henkan.el	721	read
nskk--dcomp-multiple-overlay	nskk-state.el	nskk-henkan.el	1923	read
nskk--deferred-azik-state	nskk-keymap.el	nskk-henkan.el	288	read
nskk--deferred-azik-state	nskk-keymap.el	nskk-henkan.el	660	read
nskk--deferred-azik-state	nskk-keymap.el	nskk-henkan.el	1309	read
nskk--deferred-azik-state	nskk-keymap.el	nskk-input.el	139	read
nskk--deferred-azik-state	nskk-keymap.el	nskk-input.el	415	read
nskk--deferred-azik-state	nskk-keymap.el	nskk-input.el	797	let-binding
nskk--deferred-azik-state	nskk-keymap.el	nskk-input.el	824	read
nskk--deferred-azik-state	nskk-keymap.el	nskk-input.el	837	read
nskk--deferred-azik-state	nskk-keymap.el	nskk-input.el	1051	read
nskk--deferred-state-kana	nskk-input.el	nskk-keymap.el	111	read
nskk--deferred-state-kana	nskk-input.el	nskk-keymap.el	641	read
nskk--deferred-vowel-shadow-state	nskk-keymap.el	nskk-henkan.el	289	mutation
nskk--deferred-vowel-shadow-state	nskk-keymap.el	nskk-henkan.el	661	read
nskk--deferred-vowel-shadow-state	nskk-keymap.el	nskk-henkan.el	1310	read
nskk--deferred-vowel-shadow-state	nskk-keymap.el	nskk-input.el	142	read
nskk--deferred-vowel-shadow-state	nskk-keymap.el	nskk-input.el	178	read
nskk--deferred-vowel-shadow-state	nskk-keymap.el	nskk-input.el	416	read
nskk--deferred-vowel-shadow-state	nskk-keymap.el	nskk-input.el	605	read
nskk--deferred-vowel-shadow-state	nskk-keymap.el	nskk-input.el	801	read
nskk--deferred-vowel-shadow-state	nskk-keymap.el	nskk-input.el	825	read
nskk--deferred-vowel-shadow-state	nskk-keymap.el	nskk-input.el	836	read
nskk--deferred-vowel-shadow-state	nskk-keymap.el	nskk-input.el	1052	read
nskk--dict-apply-predicate-snapshot	nskk-dictionary.el	nskk-search.el	766	read
nskk--dict-apply-predicate-snapshot	nskk-dictionary.el	nskk-study.el	280	read
nskk--dict-clear-pending-rollback	nskk-dictionary.el	nskk-search.el	755	read
nskk--dict-clear-pending-rollback	nskk-dictionary.el	nskk-study.el	271	read
nskk--dict-ensure-rollback-complete	nskk-dictionary.el	nskk-search.el	690	read
nskk--dict-ensure-rollback-complete	nskk-dictionary.el	nskk-study.el	215	read
nskk--dict-insert-file-contents-pinned	nskk-dictionary.el	nskk-search.el	714	read
nskk--dict-insert-file-contents-pinned	nskk-dictionary.el	nskk-study.el	236	read
nskk--dict-predicate-snapshot	nskk-dictionary.el	nskk-search.el	742	read
nskk--dict-predicate-snapshot	nskk-dictionary.el	nskk-study.el	264	read
nskk--dict-rollback-and-resignal	nskk-dictionary.el	nskk-search.el	758	read
nskk--dict-rollback-and-resignal	nskk-dictionary.el	nskk-study.el	273	read
nskk--flush-romaji-before-okuri	nskk-henkan.el	nskk-input.el	115	read
nskk--flush-romaji-before-okuri	nskk-henkan.el	nskk-input.el	564	read
nskk--flush-romaji-before-okuri	nskk-henkan.el	nskk-input.el	571	read
nskk--get-conversion-start	nskk-henkan.el	nskk-keymap.el	126	read
nskk--get-conversion-start	nskk-henkan.el	nskk-keymap.el	309	read
nskk--get-conversion-start	nskk-henkan.el	nskk-keymap.el	705	read
nskk--get-conversion-start	nskk-henkan.el	nskk.el	123	read
nskk--get-conversion-start	nskk-henkan.el	nskk.el	572	read
nskk--get-conversion-start	nskk-henkan.el	nskk.el	582	read
nskk--has-preedit	nskk-henkan.el	nskk-input.el	358	read
nskk--has-preedit	nskk-henkan.el	nskk-input.el	533	read
nskk--has-preedit	nskk-henkan.el	nskk-input.el	629	reflection
nskk--has-preedit	nskk-henkan.el	nskk-keymap.el	125	read
nskk--has-preedit	nskk-henkan.el	nskk-keymap.el	314	read
nskk--henkan-candidate-list-active	nskk-input.el	nskk-henkan.el	190	read
nskk--henkan-candidate-list-active	nskk-input.el	nskk-henkan.el	213	read
nskk--henkan-candidate-list-active	nskk-input.el	nskk-henkan.el	218	read
nskk--henkan-candidate-list-active	nskk-input.el	nskk-henkan.el	226	read
nskk--henkan-candidate-list-active	nskk-input.el	nskk-henkan.el	234	read
nskk--henkan-candidate-list-active	nskk-input.el	nskk-henkan.el	284	read
nskk--henkan-candidate-list-active	nskk-input.el	nskk-henkan.el	367	let-binding
nskk--henkan-candidate-list-active	nskk-input.el	nskk-henkan.el	744	read
nskk--henkan-candidate-list-active	nskk-input.el	nskk-henkan.el	1183	read
nskk--henkan-candidate-list-active	nskk-input.el	nskk-henkan.el	1305	read
nskk--henkan-candidate-list-active	nskk-input.el	nskk-henkan.el	1378	read
nskk--henkan-count	nskk-state.el	nskk-henkan.el	217	read
nskk--henkan-count	nskk-state.el	nskk-henkan.el	225	read
nskk--henkan-count	nskk-state.el	nskk-henkan.el	255	read
nskk--henkan-count	nskk-state.el	nskk-henkan.el	283	read
nskk--henkan-count	nskk-state.el	nskk-henkan.el	352	read
nskk--henkan-count	nskk-state.el	nskk-henkan.el	1043	read
nskk--henkan-count	nskk-state.el	nskk-henkan.el	1088	read
nskk--henkan-count	nskk-state.el	nskk-henkan.el	1131	read
nskk--henkan-count	nskk-state.el	nskk-henkan.el	1157	read
nskk--henkan-count	nskk-state.el	nskk-henkan.el	1159	read
nskk--henkan-count	nskk-state.el	nskk-henkan.el	1194	read
nskk--henkan-count	nskk-state.el	nskk-henkan.el	1195	read
nskk--henkan-count	nskk-state.el	nskk-henkan.el	1304	read
nskk--henkan-count	nskk-state.el	nskk-henkan.el	1375	read
nskk--henkan-count	nskk-state.el	nskk-henkan.el	1395	read
nskk--henkan-count	nskk-state.el	nskk-henkan.el	1535	read
nskk--henkan-count	nskk-state.el	nskk-henkan.el	1588	read
nskk--henkan-count	nskk-state.el	nskk-henkan.el	1802	read
nskk--henkan-count	nskk-state.el	nskk-henkan.el	1804	read
nskk--henkan-count	nskk-state.el	nskk-input.el	128	read
nskk--henkan-initialized	nskk-henkan.el	nskk-tutorial.el	648	read
nskk--initialize-romaji-table	nskk-converter.el	nskk-azik.el	107	read
nskk--initialize-romaji-table	nskk-converter.el	nskk-azik.el	375	read
nskk--inline-overlay	nskk-inline.el	nskk-henkan.el	724	read
nskk--inline-overlay	nskk-inline.el	nskk-henkan.el	725	read
nskk--inline-overlay	nskk-inline.el	nskk-henkan.el	729	read
nskk--inline-overlay	nskk-inline.el	nskk-henkan.el	730	read
nskk--inline-overlay	nskk-inline.el	nskk-henkan.el	1775	read
nskk--inline-overlay	nskk-inline.el	nskk-henkan.el	1776	read
nskk--inline-overlay	nskk-inline.el	nskk-henkan.el	1780	read
nskk--inline-overlay	nskk-inline.el	nskk-henkan.el	1781	read
nskk--insert-marker	nskk-henkan.el	nskk-input.el	105	read
nskk--insert-marker	nskk-henkan.el	nskk-input.el	247	read
nskk--insert-marker	nskk-henkan.el	nskk-input.el	488	read
nskk--insert-marker	nskk-henkan.el	nskk-input.el	565	read
nskk--insert-marker	nskk-henkan.el	nskk-input.el	572	read
nskk--invalidate-undo-kakutei	nskk-henkan.el	nskk.el	128	read
nskk--invalidate-undo-kakutei	nskk-henkan.el	nskk.el	591	read
nskk--isearch-resource-state	nskk-isearch.el	nskk.el	434	read
nskk--kana-initialized	nskk-kana.el	nskk-tutorial.el	649	read
nskk--last-kakutei-record	nskk-henkan.el	nskk.el	589	read
nskk--last-kakutei-record	nskk-henkan.el	nskk.el	590	read
nskk--learning-loaded	nskk.el	nskk-search.el	94	read
nskk--learning-loaded	nskk.el	nskk-search.el	744	read
nskk--learning-loaded	nskk.el	nskk-search.el	747	read
nskk--learning-loaded	nskk.el	nskk-search.el	781	read
nskk--learning-loaded	nskk.el	nskk-search.el	782	let-binding
nskk--learning-loaded	nskk.el	nskk-search.el	784	read
nskk--maybe-load-azik-style	nskk-input.el	nskk.el	111	read
nskk--maybe-load-azik-style	nskk-input.el	nskk.el	467	read
nskk--numeric-mode	nskk-input.el	nskk-henkan.el	146	read
nskk--numeric-mode	nskk-input.el	nskk-henkan.el	1059	read
nskk--numeric-mode	nskk-input.el	nskk-henkan.el	1059	read
nskk--numeric-mode	nskk-input.el	nskk-henkan.el	1325	read
nskk--numeric-mode	nskk-input.el	nskk-henkan.el	1326	read
nskk--numeric-mode	nskk-input.el	nskk-henkan.el	1647	read
nskk--numeric-mode	nskk-input.el	nskk-henkan.el	1647	read
nskk--pending-romaji-overlay	nskk-state.el	nskk-henkan.el	271	read
nskk--pending-romaji-overlay	nskk-state.el	nskk-henkan.el	273	read
nskk--pending-romaji-overlay	nskk-state.el	nskk-henkan.el	274	read
nskk--pending-romaji-overlay	nskk-state.el	nskk-henkan.el	355	read
nskk--pending-romaji-overlay	nskk-state.el	nskk-henkan.el	564	read
nskk--pending-romaji-overlay	nskk-state.el	nskk-henkan.el	569	read
nskk--pending-romaji-overlay	nskk-state.el	nskk-henkan.el	719	read
nskk--pending-romaji-overlay	nskk-state.el	nskk-henkan.el	1296	read
nskk--pending-romaji-overlay	nskk-state.el	nskk-henkan.el	1298	read
nskk--pending-romaji-overlay	nskk-state.el	nskk-henkan.el	1299	read
nskk--pending-romaji-overlay	nskk-state.el	nskk-input.el	127	read
nskk--pending-romaji-overlay	nskk-state.el	nskk-keymap.el	618	read
nskk--preedit-ends-with-plain-vowel-p	nskk-henkan.el	nskk-input.el	107	read
nskk--preedit-ends-with-plain-vowel-p	nskk-henkan.el	nskk-input.el	561	read
nskk--prolog-active-mutation-keys	nskk-prolog.el	nskk-tutorial.el	630	read
nskk--prolog-active-mutation-keys	nskk-prolog.el	nskk-tutorial.el	631	read
nskk--prolog-active-mutation-keys	nskk-prolog.el	nskk-tutorial.el	664	read
nskk--prolog-active-mutation-keys	nskk-prolog.el	nskk-tutorial.el	665	read
nskk--prolog-capture-key-state	nskk-prolog.el	nskk-dictionary.el	1509	read
nskk--prolog-clause-key	nskk-prolog.el	nskk-dictionary.el	498	let-binding
nskk--prolog-clause-key	nskk-prolog.el	nskk-dictionary.el	534	read
nskk--prolog-clause-key	nskk-prolog.el	nskk-dictionary.el	1506	read
nskk--prolog-clause-key	nskk-prolog.el	nskk-dictionary.el	1699	read
nskk--prolog-clause-key	nskk-prolog.el	nskk-search.el	741	read
nskk--prolog-clause-key	nskk-prolog.el	nskk-server.el	284	read
nskk--prolog-clause-key	nskk-prolog.el	nskk-study.el	263	read
nskk--prolog-database	nskk-prolog.el	nskk-converter.el	438	read
nskk--prolog-database	nskk-prolog.el	nskk-converter.el	452	read
nskk--prolog-database	nskk-prolog.el	nskk-converter.el	458	read
nskk--prolog-database	nskk-prolog.el	nskk-converter.el	483	read
nskk--prolog-database	nskk-prolog.el	nskk-converter.el	491	read
nskk--prolog-database	nskk-prolog.el	nskk-converter.el	587	read
nskk--prolog-database	nskk-prolog.el	nskk-converter.el	620	read
nskk--prolog-database	nskk-prolog.el	nskk-dictionary.el	463	read
nskk--prolog-database	nskk-prolog.el	nskk-dictionary.el	477	read
nskk--prolog-database	nskk-prolog.el	nskk-dictionary.el	488	read
nskk--prolog-database	nskk-prolog.el	nskk-dictionary.el	537	read
nskk--prolog-database	nskk-prolog.el	nskk-dictionary.el	586	read
nskk--prolog-database	nskk-prolog.el	nskk-server.el	288	read
nskk--prolog-database	nskk-prolog.el	nskk-server.el	302	read
nskk--prolog-database	nskk-prolog.el	nskk-tutorial.el	623	read
nskk--prolog-database	nskk-prolog.el	nskk-tutorial.el	656	read
nskk--prolog-database-tails	nskk-prolog.el	nskk-converter.el	440	read
nskk--prolog-database-tails	nskk-prolog.el	nskk-converter.el	459	read
nskk--prolog-database-tails	nskk-prolog.el	nskk-converter.el	484	read
nskk--prolog-database-tails	nskk-prolog.el	nskk-converter.el	492	read
nskk--prolog-database-tails	nskk-prolog.el	nskk-converter.el	588	read
nskk--prolog-database-tails	nskk-prolog.el	nskk-converter.el	621	read
nskk--prolog-database-tails	nskk-prolog.el	nskk-dictionary.el	464	read
nskk--prolog-database-tails	nskk-prolog.el	nskk-dictionary.el	478	read
nskk--prolog-database-tails	nskk-prolog.el	nskk-dictionary.el	489	read
nskk--prolog-database-tails	nskk-prolog.el	nskk-dictionary.el	538	read
nskk--prolog-database-tails	nskk-prolog.el	nskk-dictionary.el	587	read
nskk--prolog-database-tails	nskk-prolog.el	nskk-server.el	289	let-binding
nskk--prolog-database-tails	nskk-prolog.el	nskk-server.el	303	read
nskk--prolog-database-tails	nskk-prolog.el	nskk-tutorial.el	624	read
nskk--prolog-database-tails	nskk-prolog.el	nskk-tutorial.el	657	read
nskk--prolog-hash-indices	nskk-prolog.el	nskk-converter.el	443	read
nskk--prolog-hash-indices	nskk-prolog.el	nskk-converter.el	461	read
nskk--prolog-hash-indices	nskk-prolog.el	nskk-converter.el	486	read
nskk--prolog-hash-indices	nskk-prolog.el	nskk-converter.el	494	read
nskk--prolog-hash-indices	nskk-prolog.el	nskk-converter.el	590	read
nskk--prolog-hash-indices	nskk-prolog.el	nskk-converter.el	623	read
nskk--prolog-hash-indices	nskk-prolog.el	nskk-dictionary.el	466	read
nskk--prolog-hash-indices	nskk-prolog.el	nskk-dictionary.el	480	read
nskk--prolog-hash-indices	nskk-prolog.el	nskk-dictionary.el	491	read
nskk--prolog-hash-indices	nskk-prolog.el	nskk-server.el	291	read
nskk--prolog-hash-indices	nskk-prolog.el	nskk-server.el	305	read
nskk--prolog-hash-indices	nskk-prolog.el	nskk-tutorial.el	626	read
nskk--prolog-hash-indices	nskk-prolog.el	nskk-tutorial.el	659	read
nskk--prolog-index-add	nskk-prolog.el	nskk-converter.el	473	read
nskk--prolog-index-bucket-tail	nskk-prolog.el	nskk-dictionary.el	600	mutation
nskk--prolog-index-bucket-tail-cache	nskk-prolog.el	nskk-converter.el	448	read
nskk--prolog-index-bucket-tail-cache	nskk-prolog.el	nskk-converter.el	463	read
nskk--prolog-index-bucket-tail-cache	nskk-prolog.el	nskk-converter.el	488	read
nskk--prolog-index-bucket-tail-cache	nskk-prolog.el	nskk-converter.el	496	read
nskk--prolog-index-bucket-tail-cache	nskk-prolog.el	nskk-converter.el	593	read
nskk--prolog-index-bucket-tail-cache	nskk-prolog.el	nskk-converter.el	625	read
nskk--prolog-index-bucket-tail-cache	nskk-prolog.el	nskk-dictionary.el	468	read
nskk--prolog-index-bucket-tail-cache	nskk-prolog.el	nskk-dictionary.el	482	read
nskk--prolog-index-bucket-tail-cache	nskk-prolog.el	nskk-dictionary.el	493	read
nskk--prolog-index-bucket-tail-cache	nskk-prolog.el	nskk-dictionary.el	571	read
nskk--prolog-index-bucket-tail-cache	nskk-prolog.el	nskk-dictionary.el	617	read
nskk--prolog-index-bucket-tail-cache	nskk-prolog.el	nskk-server.el	293	read
nskk--prolog-index-bucket-tail-cache	nskk-prolog.el	nskk-server.el	307	read
nskk--prolog-index-bucket-tail-cache	nskk-prolog.el	nskk-tutorial.el	628	read
nskk--prolog-index-bucket-tail-cache	nskk-prolog.el	nskk-tutorial.el	661	read
nskk--prolog-index-cache-set-bucket	nskk-prolog.el	nskk-dictionary.el	609	read
nskk--prolog-index-config	nskk-prolog.el	nskk-converter.el	441	read
nskk--prolog-index-config	nskk-prolog.el	nskk-converter.el	460	read
nskk--prolog-index-config	nskk-prolog.el	nskk-converter.el	485	read
nskk--prolog-index-config	nskk-prolog.el	nskk-converter.el	493	read
nskk--prolog-index-config	nskk-prolog.el	nskk-converter.el	589	read
nskk--prolog-index-config	nskk-prolog.el	nskk-converter.el	622	read
nskk--prolog-index-config	nskk-prolog.el	nskk-dictionary.el	465	let-binding
nskk--prolog-index-config	nskk-prolog.el	nskk-dictionary.el	479	read
nskk--prolog-index-config	nskk-prolog.el	nskk-dictionary.el	490	read
nskk--prolog-index-config	nskk-prolog.el	nskk-dictionary.el	565	read
nskk--prolog-index-config	nskk-prolog.el	nskk-dictionary.el	567	read
nskk--prolog-index-config	nskk-prolog.el	nskk-server.el	290	read
nskk--prolog-index-config	nskk-prolog.el	nskk-server.el	304	read
nskk--prolog-index-config	nskk-prolog.el	nskk-tutorial.el	625	read
nskk--prolog-index-config	nskk-prolog.el	nskk-tutorial.el	658	read
nskk--prolog-prepare-key-state-index-tail	nskk-prolog.el	nskk-dictionary.el	1524	read
nskk--prolog-replace-clause-transaction	nskk-prolog.el	nskk-converter.el	391	read
nskk--prolog-replace-clause-transaction	nskk-prolog.el	nskk-converter.el	410	read
nskk--prolog-replace-clause-transaction	nskk-prolog.el	nskk-search.el	800	read
nskk--prolog-restore-key-state	nskk-prolog.el	nskk-dictionary.el	1552	read
nskk--prolog-transaction-index	nskk-prolog.el	nskk-dictionary.el	569	read
nskk--prolog-transaction-index-bucket	nskk-prolog.el	nskk-dictionary.el	593	let-binding
nskk--prolog-transaction-set-index-bucket	nskk-prolog.el	nskk-dictionary.el	608	let-binding
nskk--prolog-transaction-set-index-bucket	nskk-prolog.el	nskk-dictionary.el	634	let-binding
nskk--prolog-trie-indices	nskk-prolog.el	nskk-converter.el	445	read
nskk--prolog-trie-indices	nskk-prolog.el	nskk-converter.el	462	read
nskk--prolog-trie-indices	nskk-prolog.el	nskk-converter.el	487	read
nskk--prolog-trie-indices	nskk-prolog.el	nskk-converter.el	495	read
nskk--prolog-trie-indices	nskk-prolog.el	nskk-converter.el	591	read
nskk--prolog-trie-indices	nskk-prolog.el	nskk-converter.el	624	read
nskk--prolog-trie-indices	nskk-prolog.el	nskk-dictionary.el	467	read
nskk--prolog-trie-indices	nskk-prolog.el	nskk-dictionary.el	481	read
nskk--prolog-trie-indices	nskk-prolog.el	nskk-dictionary.el	492	read
nskk--prolog-trie-indices	nskk-prolog.el	nskk-server.el	292	read
nskk--prolog-trie-indices	nskk-prolog.el	nskk-server.el	306	read
nskk--prolog-trie-indices	nskk-prolog.el	nskk-tutorial.el	627	read
nskk--prolog-trie-indices	nskk-prolog.el	nskk-tutorial.el	660	read
nskk--prolog-var-counter	nskk-prolog.el	nskk-tutorial.el	629	read
nskk--prolog-var-counter	nskk-prolog.el	nskk-tutorial.el	662	read
nskk--registration-depth	nskk-state.el	nskk-henkan.el	353	read
nskk--registration-depth	nskk-state.el	nskk-henkan.el	1717	read
nskk--registration-depth	nskk-state.el	nskk-henkan.el	1719	let-binding
nskk--registration-depth	nskk-state.el	nskk-henkan.el	1732	read
nskk--registration-depth	nskk-state.el	nskk-henkan.el	1735	read
nskk--registration-depth	nskk-state.el	nskk-henkan.el	1740	read
nskk--registration-depth	nskk-state.el	nskk-henkan.el	1760	read
nskk--registration-depth	nskk-state.el	nskk-henkan.el	1772	read
nskk--reset-romaji-buffer	nskk-henkan.el	nskk-keymap.el	138	read
nskk--reset-romaji-buffer	nskk-henkan.el	nskk-keymap.el	655	read
nskk--romaji-buffer	nskk-state.el	nskk-henkan.el	282	read
nskk--romaji-buffer	nskk-state.el	nskk-henkan.el	351	read
nskk--romaji-buffer	nskk-state.el	nskk-henkan.el	574	read
nskk--romaji-buffer	nskk-state.el	nskk-henkan.el	595	read
nskk--romaji-buffer	nskk-state.el	nskk-henkan.el	690	read
nskk--romaji-buffer	nskk-state.el	nskk-henkan.el	737	reflection
nskk--romaji-buffer	nskk-state.el	nskk-henkan.el	738	read
nskk--romaji-buffer	nskk-state.el	nskk-henkan.el	1303	read
nskk--romaji-buffer	nskk-state.el	nskk-henkan.el	1416	read
nskk--romaji-buffer	nskk-state.el	nskk-henkan.el	1417	read
nskk--romaji-buffer	nskk-state.el	nskk-henkan.el	1436	read
nskk--romaji-buffer	nskk-state.el	nskk-henkan.el	1449	reflection
nskk--romaji-buffer	nskk-state.el	nskk-henkan.el	1450	read
nskk--romaji-buffer	nskk-state.el	nskk-henkan.el	1481	read
nskk--romaji-buffer	nskk-state.el	nskk-henkan.el	1486	read
nskk--romaji-buffer	nskk-state.el	nskk-henkan.el	1493	mutation
nskk--romaji-buffer	nskk-state.el	nskk-input.el	123	read
nskk--romaji-buffer	nskk-state.el	nskk-input.el	320	read
nskk--romaji-buffer	nskk-state.el	nskk-input.el	325	read
nskk--romaji-buffer	nskk-state.el	nskk-input.el	334	read
nskk--romaji-buffer	nskk-state.el	nskk-input.el	414	read
nskk--romaji-buffer	nskk-state.el	nskk-input.el	521	read
nskk--romaji-buffer	nskk-state.el	nskk-input.el	522	read
nskk--romaji-buffer	nskk-state.el	nskk-input.el	531	read
nskk--romaji-buffer	nskk-state.el	nskk-input.el	556	read
nskk--romaji-buffer	nskk-state.el	nskk-input.el	557	read
nskk--romaji-buffer	nskk-state.el	nskk-input.el	656	read
nskk--romaji-buffer	nskk-state.el	nskk-input.el	656	read
nskk--romaji-buffer	nskk-state.el	nskk-input.el	662	read
nskk--romaji-buffer	nskk-state.el	nskk-input.el	777	read
nskk--romaji-buffer	nskk-state.el	nskk-input.el	783	read
nskk--romaji-buffer	nskk-state.el	nskk-input.el	791	read
nskk--romaji-buffer	nskk-state.el	nskk-input.el	829	read
nskk--romaji-buffer	nskk-state.el	nskk-input.el	838	read
nskk--romaji-buffer	nskk-state.el	nskk-input.el	846	read
nskk--romaji-buffer	nskk-state.el	nskk-input.el	858	read
nskk--romaji-buffer	nskk-state.el	nskk-input.el	865	read
nskk--romaji-buffer	nskk-state.el	nskk-input.el	874	read
nskk--romaji-buffer	nskk-state.el	nskk-input.el	877	read
nskk--romaji-buffer	nskk-state.el	nskk-input.el	883	read
nskk--romaji-buffer	nskk-state.el	nskk-input.el	889	read
nskk--romaji-buffer	nskk-state.el	nskk-input.el	891	read
nskk--romaji-buffer	nskk-state.el	nskk-input.el	892	read
nskk--romaji-buffer	nskk-state.el	nskk-input.el	976	read
nskk--romaji-buffer	nskk-state.el	nskk-input.el	981	read
nskk--romaji-buffer	nskk-state.el	nskk-input.el	983	read
nskk--romaji-buffer	nskk-state.el	nskk-keymap.el	117	read
nskk--romaji-buffer	nskk-state.el	nskk-keymap.el	363	read
nskk--romaji-buffer	nskk-state.el	nskk-keymap.el	364	read
nskk--romaji-buffer	nskk-state.el	nskk-keymap.el	471	read
nskk--romaji-buffer	nskk-state.el	nskk-keymap.el	476	read
nskk--romaji-buffer	nskk-state.el	nskk-keymap.el	479	read
nskk--romaji-buffer	nskk-state.el	nskk-keymap.el	611	read
nskk--romaji-buffer	nskk-state.el	nskk-keymap.el	657	read
nskk--romaji-buffer	nskk-state.el	nskk-keymap.el	658	read
nskk--romaji-buffer	nskk-state.el	nskk-keymap.el	659	read
nskk--romaji-buffer	nskk-state.el	nskk-keymap.el	660	read
nskk--romaji-buffer	nskk-state.el	nskk-keymap.el	661	read
nskk--romaji-buffer	nskk-state.el	nskk-keymap.el	663	read
nskk--romaji-buffer	nskk-state.el	nskk-tutorial.el	990	mutation
nskk--romaji-buffer	nskk-state.el	nskk-tutorial.el	991	mutation
nskk--romaji-buffer	nskk-state.el	nskk.el	615	read
nskk--romaji-table	nskk-converter.el	nskk-azik.el	253	read
nskk--romaji-table	nskk-converter.el	nskk-azik.el	283	read
nskk--romaji-table	nskk-converter.el	nskk-azik.el	302	read
nskk--romaji-table	nskk-converter.el	nskk-azik.el	311	read
nskk--romaji-table	nskk-converter.el	nskk-azik.el	313	read
nskk--romaji-table	nskk-converter.el	nskk-azik.el	506	read
nskk--romaji-table	nskk-converter.el	nskk-azik.el	518	read
nskk--romaji-table	nskk-converter.el	nskk-input.el	323	read
nskk--romaji-table	nskk-converter.el	nskk-input.el	977	read
nskk--search-cache-snapshots	nskk-search.el	nskk-dictionary.el	1513	read
nskk--search-cache-snapshots	nskk-search.el	nskk-dictionary.el	1514	read
nskk--search-restore-cache-snapshot	nskk-search.el	nskk-dictionary.el	1516	read
nskk--search-restore-cache-snapshot	nskk-search.el	nskk-dictionary.el	1517	read
nskk--set-conversion-start-marker	nskk-henkan.el	nskk-input.el	104	read
nskk--set-conversion-start-marker	nskk-henkan.el	nskk-input.el	246	read
nskk--set-conversion-start-marker	nskk-henkan.el	nskk-input.el	487	mutation
nskk--set-mode	nskk-input.el	nskk-henkan.el	147	read
nskk--set-mode	nskk-input.el	nskk-henkan.el	1706	read
nskk--set-mode	nskk-input.el	nskk-tutorial.el	69	read
nskk--set-mode	nskk-input.el	nskk-tutorial.el	989	mutation
nskk--show-mode-hide	nskk-show-mode.el	nskk.el	369	read
nskk--show-mode-hide	nskk-show-mode.el	nskk.el	370	read
nskk--show-mode-hide	nskk-show-mode.el	nskk.el	485	read
nskk--show-mode-hide	nskk-show-mode.el	nskk.el	486	mutation
nskk--show-mode-overlay	nskk-show-mode.el	nskk.el	411	reflection
nskk--show-mode-timer	nskk-show-mode.el	nskk.el	411	reflection
nskk--show-pending-romaji	nskk-henkan.el	nskk-input.el	119	read
nskk--show-pending-romaji	nskk-henkan.el	nskk-input.el	522	read
nskk--show-pending-romaji	nskk-henkan.el	nskk-input.el	557	read
nskk--show-pending-romaji	nskk-henkan.el	nskk-keymap.el	136	read
nskk--show-pending-romaji	nskk-henkan.el	nskk-keymap.el	663	read
nskk--state-prolog-initialized	nskk-state.el	nskk-tutorial.el	647	read
nskk--sticky-shift-pending	nskk-input.el	nskk-henkan.el	290	read
nskk--sticky-shift-pending	nskk-input.el	nskk-henkan.el	662	read
nskk--sticky-shift-pending	nskk-input.el	nskk-henkan.el	1311	read
nskk--system-dict-index	nskk-dictionary.el	nskk-tutorial.el	633	read
nskk--system-dict-index	nskk-dictionary.el	nskk-tutorial.el	667	read
nskk--trigger-okuri-conversion	nskk-henkan.el	nskk-input.el	103	read
nskk--trigger-okuri-conversion	nskk-henkan.el	nskk-input.el	500	read
nskk--trigger-okuri-conversion	nskk-henkan.el	nskk-input.el	576	read
nskk--user-dict-index	nskk-dictionary.el	nskk-tutorial.el	632	read
nskk--user-dict-index	nskk-dictionary.el	nskk-tutorial.el	666	mutation
